<QuizML name="sample quiz">
    <Description>This is a sample quiz.</Description>
        <Question type="multichoice" points="10">
        <QuestionText answer="2 ">What is 2 + 2 ?</QuestionText>
            <Answer name = "1">3</Answer>
            <Answer name = "2">4</Answer>
            <Answer name = "3">5</Answer>
            <Answer name = "4">6</Answer>
        </Question>

        <Question type="tf" points="5">
        <QuestionText answer="t ">broccoli is good for you..?</QuestionText>
        </Question>

</QuizML>